,aband,answered,max_wait,med_wait,service,wait
0,0.07088737639655837,21705,203.95026763074566,25.81518836901523,1209.6760805983663,31.586740756612375
1,0.07241673783091375,21705,224.1354427222759,25.86293933973866,1212.5347312092651,31.64458718961169
2,0.07455374259787842,21718,275.1738086573532,26.284971653128196,1198.7300592445306,31.930465550432906
