,aband,answered,servers,service,wait
0,0.043116064392660136,8883,180,1249.2555384123802,30.03023096740991
1,0.050566206973875996,8919,180,1226.3759954248126,39.29490746990312
2,0.032545354590434304,9095,180,1228.9657820161822,27.341817202662288
