,aband,answered,max_wait,med_wait,service,wait
0,0.04560704550220172,9096,339.3419425507527,33.35072219955873,1233.3554912754541,44.5751521554564
1,0.04256657580205494,9125,339.3419425507527,35.89726533686553,1207.0163157455343,49.68171509668581
2,0.047913608723002724,9058,339.6888026638917,36.13056866044644,1228.6134325808578,49.18176808668135
