,aband,answered,max_wait,med_wait,service,wait
0,0.05211141060197664,22155,221.1384336346382,23.394160402647685,1022.9219052144431,29.33198384951268
1,0.05664972913954563,22443,246.6800370435085,22.67879684752188,1023.4967765034511,29.279699312487438
2,0.04778902280267081,22654,219.5882724111725,22.21510447415494,1018.8012029273789,27.939669114844673
